{
    "signalisation": [
        "Anomalie ressources optique",
        "César-Erreur affichage de chaines",
        "César-Erreur d'authentification",
        "César-Installation hors délais",
        "César-installation inachevée",
        "Client indisponible",
        "Client injoignable",
        "Débit non conforme",
        "Déconnexion intempestives",
        "Demande de portabilité",
        "Demande de ressources",
        "Dysfonctionnement VOIP",
        "Echec émission",
        "Erreur affichage de page",
        "Informations client",
        "Infos compte César",
        "Lenteur de connexion",
        "Problème de réception",
        "Problème TV",
        "Remplacement de la Box",
        "Voyant internet éteint",
        "Libération de ressources"
    ],
    "action_corrective": [
        "Communication des ressources",
        "Communication infos client",
        "Comunication infos compte César",
        "Comunication infos compte OTV",
        "Compte résilié / suspendu",
        "Correction des 2 ports",
        "Fast Réactivation",
        "Fast Réactivation Anticipée",
        "Libération des réssources",
        "Mise à jour des paramètres",
        "Mutation Ressources Optiques",
        "Paramètres ACS 2",
        "Portabilité ADSL vers FTTH",
        "Provisionning IMS",
        "Rattachement ND / Login",
        "Remplacement BOX",
        "Routage du ND à l'IMS"
    ],
    "acteur": [
        "AWALE",
        "CA ONLINE",
        "Camusat",
        "CIC",
        "Commercial",
        "Exploitation et Support IP",
        "Hotline",
        "HUB",
        "KAYDAN",
        "Multimédia & Contenu",
        "Numérisation",
        "Pôle provisionning",
        "PREMIUM",
        "TMC core"
    ],
    "segment": [
        "Maintenance César",
        "Maintenance FTTH",
        "Production César",
        "Production FTTH",
        "Signalisation mail",
        "Transfert FTTH"
    ],
    "statut": [
        "En cours",
        "Ok"
    ],
    "commentaire_2": [
        "Absence de login sur BSCS",
        "Absence de MDP sur Costomer Care",
        "Absence de mot de passe sur BSCS",
        "Absence de signal",
        "Absence Ville César",
        "Adresse ip non conforme à la zone du client",
        "Adresse ip non déclarée à l'IMS",
        "Adresse MAC absente sur AMS",
        "Adresse MAC erronée",
        "Adresse MAC inexistant sur AMS",
        "Alarme sur le port du client",
        "Beug S.I",
        "Box géré par Karma",
        "Box H.S",
        "Box Introuvable via ACS",
        "Box non conforme avec le S.I",
        "Brin cassé",
        "Brin Court",
        "Caractère d'espace inexistant dans le login",
        "Carte d'abonné H S (PON)",
        "Client inexistant sur CGAWEB",
        "Compte en attente",
        "Compte non crée automatiquement",
        "Compte suspendu sur le radius",
        "Création Ok sur toutes les plateformes",
        "Débit de l'offre < au débit souscrit",
        "Dossier annulé par erreur",
        "Dossier non signalé",
        "Echec de provisionning automatique",
        "Etat de la connectivité du client",
        "Inversion Marcory",
        "Manque d'infos sur le client",
        "Manque d'infos sur les ressources réseaux clients",
        "Mauvaise étude",
        "Mise à jour non effectuée sur le BING",
        "N° de série non conforme",
        "ND Absent sur AMS",
        "ND non routé à l'IMS",
        "Perte de ressources sur CCF",
        "Probème deux ports",
        "Puissance Elevée",
        "Ressource Occupée",
        "Service TV non rattaché au compte du client",
        "TRO 69 ACS Paramètre non configuré"
    ]
}